id,name,dob,email,gender,country,region,city,asset,marital_status
1,Heather Gibbs,2024-10-31,heathergibbs6243@gmail.com,Female,United States,Virginia,Virginia Beach,734388,Married
2,Herrod Petersen,2024-02-19,herrodpetersen@yahoomail.com,Male,United States,Arizona,Phoenix,113506,Single
3,Ocean Workman,2024-10-10,oceanworkman2328@ymail.com,Male,United States,Tennessee,Clarksville,139985,Married
4,Xaviera Maxwell,2025-03-09,xavieramaxwell@gmail.com,Transgender,United States,Ohio,Cleveland,511409,Married
5,Bo Underwood,2024-06-30,bounderwood@ymail.com,Male,United States,Virginia,Virginia Beach,734388,Married